department,n,promoted,not_promoted,promotion_rate
Advisory,1265,604,661,0.4774703557312253
Assurance,1854,796,1058,0.42934196332254587
Risk,473,192,281,0.4059196617336152
Deals,470,190,280,0.40425531914893614
Tech_AI,612,241,371,0.3937908496732026
Tax,1093,425,668,0.3888380603842635
HR,233,83,150,0.3562231759656652
