gender,n,promoted,not_promoted,promotion_rate
Other/NA,116,51,65,0.4396551724137931
Male,2911,1246,1665,0.42803160425970455
Female,2973,1234,1739,0.4150689539186007
