hire_source,n,promoted,not_promoted,promotion_rate
Campus,1818,790,1028,0.43454345434543457
Direct,1298,561,737,0.4322033898305085
Referral,1647,688,959,0.4177292046144505
Agency,1237,492,745,0.39773645917542444
