location,n,promoted,not_promoted,promotion_rate
The_Hague,1017,462,555,0.45427728613569324
Rotterdam,1008,445,563,0.44146825396825395
Eindhoven,1036,436,600,0.42084942084942084
Amsterdam,941,389,552,0.41339001062699254
Utrecht,970,397,573,0.4092783505154639
Groningen,1028,402,626,0.39105058365758755
