has_mentor,n,promoted,not_promoted,promotion_rate
1,2709,1226,1483,0.4525655223329642
0,3291,1305,1986,0.39653600729261623
