index,0,1
age|count,3469.0,2531.0
age|mean,32.92476217930239,32.54998024496246
age|std,4.7741785203986735,4.566003757753071
age|min,21.0,21.0
age|median,33.0,32.0
age|max,50.0,50.0
age|q0,,
age|q100,,
