bin_low,bin_high,n,promotion_rate
1.05,2.63,608,0.22532894736842105
2.63,2.9,598,0.28929765886287623
2.9,3.1,622,0.3617363344051447
3.1,3.26,606,0.38613861386138615
3.26,3.42,566,0.43109540636042404
3.42,3.57,638,0.43573667711598746
3.57,3.72,564,0.4521276595744681
3.72,3.92,615,0.4764227642276423
3.92,4.18,587,0.5587734241908007
4.18,5.0,596,0.610738255033557
