role_level,n,promoted,not_promoted,promotion_rate
Senior_Associate,2133,949,1184,0.4449132676980778
Associate,3213,1377,1836,0.42857142857142855
Manager,654,205,449,0.31345565749235477
