gender,n,promotion_rate
Other/NA,116,0.4396551724137931
Male,2911,0.42803160425970455
Female,2973,0.4150689539186007
