role_level,n,promotion_rate
Senior_Associate,2133,0.4449132676980778
Associate,3213,0.42857142857142855
Manager,654,0.31345565749235477
