department,n,promotion_rate
Advisory,1265,0.4774703557312253
Assurance,1854,0.42934196332254587
Risk,473,0.4059196617336152
Deals,470,0.40425531914893614
Tech_AI,612,0.3937908496732026
Tax,1093,0.3888380603842635
HR,233,0.3562231759656652
