has_mentor,n,promotion_rate
1,2709,0.4525655223329642
0,3291,0.39653600729261623
